{"cameraMode":{"drawMode":0,"name":"Shaded","section":"Shading Mode"},"sceneLighting":true,"audioPlay":false,"sceneViewState":{"showFog":true,"showMaterialUpdate":false,"showSkybox":true,"showFlares":true,"showImageEffects":true,"showParticleSystems":true},"in2DMode":false,"pivot":{"x":4.262044906616211,"y":0.711060643196106,"z":0.21175594627857209},"rotation":{"x":0.25616154074668887,"y":-0.033634886145591739,"z":0.008916720747947693,"w":0.9660074710845947},"size":9.920758247375489,"orthographic":false}