{"cameraMode":{"drawMode":0,"name":"Shaded","section":"Shading Mode"},"sceneLighting":true,"audioPlay":false,"sceneViewState":{"showFog":true,"showMaterialUpdate":false,"showSkybox":true,"showFlares":true,"showImageEffects":true,"showParticleSystems":true},"in2DMode":false,"pivot":{"x":0.0,"y":1.2100000381469727,"z":-3.759999990463257},"rotation":{"x":0.2979889214038849,"y":0.02690994180738926,"z":-0.008406448177993298,"w":0.9541529417037964},"size":4.041658401489258,"orthographic":false}