{"cameraMode":{"drawMode":0,"name":"Shaded","section":"Shading Mode"},"sceneLighting":true,"audioPlay":false,"sceneViewState":{"showFog":true,"showMaterialUpdate":false,"showSkybox":true,"showFlares":true,"showImageEffects":true,"showParticleSystems":true},"in2DMode":false,"pivot":{"x":2.003854990005493,"y":1.4883999824523926,"z":-0.019499987363815309},"rotation":{"x":0.2618388533592224,"y":-0.11002392321825028,"z":0.03005887195467949,"w":0.9583483934402466},"size":2.965663194656372,"orthographic":false}