{"cameraMode":{"drawMode":0,"name":"Shaded","section":"Shading Mode"},"sceneLighting":true,"audioPlay":false,"sceneViewState":{"showFog":true,"showMaterialUpdate":false,"showSkybox":true,"showFlares":true,"showImageEffects":true,"showParticleSystems":true},"in2DMode":false,"pivot":{"x":3.930000066757202,"y":0.5830000638961792,"z":-3.5199999809265138},"rotation":{"x":0.18244871497154237,"y":0.5667843818664551,"z":-0.1304466277360916,"w":0.7927494049072266},"size":2.857884645462036,"orthographic":false}